{
  "model_type": "XGBoost Classifier",
  "n_estimators": 100,
  "max_depth": 4,
  "learning_rate": 0.1,
  "n_classes": 6,
  "n_features": 4030,
  "cuisine_types": [
    "American",
    "Asian",
    "French",
    "Indian",
    "Italian",
    "Mexican"
  ],
  "accuracy": 0.8974358974358975,
  "precision": 0.8981510896232177,
  "recall": 0.8974358974358975,
  "f1_score": 0.8971433924099069
}